City_ID,City,Country,Lat,Lng,Max Temp,Humidity,Cloudiness,Wind Speed,Current Description
0,Vestmannaeyjar,IS,63.4427,-20.2734,43.83,73,100,5.08,overcast clouds
1,Rikitea,PF,-23.1203,-134.9692,71.02,69,98,20.11,overcast clouds
2,Mar Del Plata,AR,-38.0023,-57.5575,60.82,93,100,12.66,overcast clouds
3,Chokurdakh,RU,70.6333,147.9167,15.67,93,100,18.32,light snow
4,Upernavik,GL,72.7868,-56.1549,16.68,72,88,7.09,overcast clouds
5,Tuatapere,NZ,-46.1333,167.6833,51.24,50,62,6.76,broken clouds
6,Cayenne,GF,4.9333,-52.3333,75.24,94,0,0.0,clear sky
7,Bredasdorp,ZA,-34.5322,20.0403,54.48,88,62,4.45,broken clouds
8,Lebu,CL,-37.6167,-73.65,48.88,81,96,15.61,overcast clouds
9,Necochea,AR,-38.5473,-58.7368,50.81,85,19,5.35,light rain
10,Koulikoro,ML,14.0,-7.75,79.21,43,100,6.4,overcast clouds
11,Los Llanos De Aridane,ES,28.6585,-17.9182,67.12,44,0,7.0,clear sky
12,Vaini,TO,-21.2,-175.2,77.16,78,40,18.41,scattered clouds
13,Hobart,AU,-42.8794,147.3294,74.26,58,75,14.97,broken clouds
14,Omsukchan,RU,62.5333,155.8,9.45,89,97,4.25,overcast clouds
15,Saskylakh,RU,71.9167,114.0833,14.95,97,83,5.17,broken clouds
16,Hovd,MN,48.0056,91.6419,39.49,32,76,4.83,broken clouds
17,Harnosand,SE,62.6323,17.9379,37.0,80,31,7.76,scattered clouds
18,Jamestown,US,42.097,-79.2353,41.52,75,100,5.75,overcast clouds
19,Ilulissat,GL,69.2167,-51.1,21.22,73,75,4.61,broken clouds
20,Mataura,NZ,-46.1927,168.8643,54.12,39,91,7.16,overcast clouds
21,Lodja,CD,-3.4833,23.4333,65.21,99,83,1.86,broken clouds
22,Rocha,UY,-34.4833,-54.3333,57.42,96,100,2.89,moderate rain
23,Busselton,AU,-33.65,115.3333,63.43,58,99,8.55,overcast clouds
24,Wairoa,NZ,-39.0333,177.3667,54.55,62,100,11.01,overcast clouds
25,Pisco,PE,-13.7,-76.2167,61.02,82,13,9.22,mist
26,Bengkulu,ID,-3.8004,102.2655,80.33,79,100,3.62,overcast clouds
27,Pavilosta,LV,56.8879,21.1859,42.71,78,69,9.75,broken clouds
28,Yellowknife,CA,62.456,-114.3525,34.32,93,75,10.36,light rain
29,Kununurra,AU,-15.7667,128.7333,103.03,16,30,9.13,scattered clouds
30,Bluff,NZ,-46.6,168.3333,49.69,53,87,11.25,overcast clouds
31,Bissau,GW,11.8636,-15.5977,77.61,82,69,4.72,light rain
32,Ostrovnoy,RU,68.0531,39.5131,36.41,68,100,29.71,light rain
33,Narsaq,GL,60.9167,-46.05,30.42,68,100,8.28,overcast clouds
34,Komsomolskiy,UZ,40.4272,71.7189,43.52,81,18,4.61,few clouds
35,Punta Arenas,CL,-53.15,-70.9167,41.11,70,0,25.32,clear sky
36,Flinders,AU,-34.5833,150.8552,71.06,86,100,7.02,light rain
37,New Norfolk,AU,-42.7826,147.0587,73.92,45,100,9.13,light rain
38,Tual,ID,-5.6667,132.75,84.15,70,100,4.5,overcast clouds
39,Bambous Virieux,MU,-20.3428,57.7575,70.21,88,40,4.61,scattered clouds
40,Port Macquarie,AU,-31.4333,152.9167,70.59,90,81,18.81,moderate rain
41,Laramie,US,41.3114,-105.5911,57.96,22,0,10.36,clear sky
42,Ustyuzhna,RU,58.8394,36.4321,36.55,95,100,5.84,overcast clouds
43,Ushuaia,AR,-54.8,-68.3,42.46,45,20,2.3,few clouds
44,Mashhad,IR,36.297,59.6062,51.94,66,0,4.61,clear sky
45,Georgetown,MY,5.4112,100.3354,87.89,75,20,2.3,few clouds
46,Surt,LY,31.2089,16.5887,71.6,63,1,8.68,clear sky
47,Guerrero Negro,MX,27.9769,-114.0611,71.71,80,0,10.31,clear sky
48,Camabatela,AO,-8.1881,15.375,62.65,98,100,2.17,overcast clouds
49,Qaanaaq,GL,77.484,-69.3632,-1.53,69,0,10.16,clear sky
50,Iqaluit,CA,63.7506,-68.5145,35.33,87,100,11.5,overcast clouds
51,Mbala,ZM,-8.8402,31.3659,61.3,58,45,7.81,scattered clouds
52,Kautokeino,NO,69.0125,23.0412,29.21,79,99,6.55,overcast clouds
53,Port Augusta,AU,-32.5,137.7667,77.31,51,2,9.55,clear sky
54,Ivdel,RU,60.6911,60.4206,30.88,72,84,9.82,broken clouds
55,Norman Wells,CA,65.282,-126.8329,26.64,86,75,4.61,broken clouds
56,Albany,US,42.6001,-73.9662,42.55,73,100,3.65,overcast clouds
57,San Quintin,MX,30.4833,-115.95,69.84,77,0,1.57,clear sky
58,Socol,RO,44.8608,21.3703,37.85,59,0,5.1,clear sky
59,Madaba,JO,31.5833,35.6667,64.71,67,22,3.22,few clouds
60,Grand Gaube,MU,-20.0064,57.6608,70.38,83,25,14.38,scattered clouds
61,Mattru,SL,7.6244,-11.8332,71.85,98,54,0.45,light rain
62,Luderitz,NA,-26.6481,15.1594,59.85,80,97,19.13,overcast clouds
63,Sinop,TR,41.7711,34.8709,40.91,83,23,4.76,few clouds
64,Caravelas,BR,-17.7125,-39.2481,72.21,88,12,6.85,few clouds
65,Asau,RO,46.4333,26.4,27.52,77,0,2.24,clear sky
66,Rosarito,MX,32.3333,-117.0333,75.42,63,45,1.74,scattered clouds
67,Hilo,US,19.7297,-155.09,83.93,73,75,11.5,broken clouds
68,Hofn,IS,64.2539,-15.2082,42.51,74,100,11.88,overcast clouds
69,Dikson,RU,73.5069,80.5464,32.04,94,100,13.47,overcast clouds
70,Codrington,AU,-38.2667,141.9667,68.14,82,95,3.87,light rain
71,Acapulco,MX,16.8634,-99.8901,78.62,89,100,6.91,overcast clouds
72,Sitka,US,57.0531,-135.33,48.09,81,100,8.05,light rain
73,Dudinka,RU,69.4058,86.1778,34.63,98,100,15.64,snow
74,Port Alfred,ZA,-33.5906,26.891,61.18,97,68,0.96,broken clouds
75,East London,ZA,-33.0153,27.9116,65.37,79,77,2.86,broken clouds
76,Udachnyy,RU,66.4167,112.4,30.45,74,34,9.69,scattered clouds
77,Salmon Arm,CA,50.6998,-119.3024,53.44,65,95,1.14,overcast clouds
78,Taksimo,RU,56.3444,114.8794,29.97,66,98,1.48,overcast clouds
79,Elizabeth City,US,36.2946,-76.2511,55.42,81,0,4.61,clear sky
80,Lauro Muller,BR,-28.3928,-49.3967,65.28,95,100,3.02,overcast clouds
81,Saldanha,ZA,-33.0117,17.9442,53.65,84,54,18.37,broken clouds
82,Vao,NC,-22.6667,167.4833,71.51,65,100,18.34,overcast clouds
83,Ponta Do Sol,PT,32.6667,-17.1,73.0,83,100,3.56,light rain
84,Sur,OM,22.5667,59.5289,81.73,35,0,1.03,clear sky
85,Belaya Gora,RU,68.5333,146.4167,13.93,90,100,12.46,overcast clouds
86,Hambantota,LK,6.1241,81.1185,77.34,100,99,4.61,overcast clouds
87,Buala,SB,-8.145,159.5921,85.03,71,96,6.26,light rain
88,Barrow,US,71.2906,-156.7887,28.42,86,100,24.16,mist
89,Chuy,UY,-33.6971,-53.4616,59.56,93,100,5.26,moderate rain
90,Beloha,MG,-25.1667,45.05,71.49,67,0,5.55,clear sky
91,Puerto Ayora,EC,-0.7393,-90.3518,67.55,91,97,8.01,overcast clouds
92,Herat,AF,34.5,62.0,58.73,26,8,4.65,clear sky
93,Santo Antonio Do Ica,BR,-3.1022,-67.9397,74.7,97,100,1.3,overcast clouds
94,Ruidoso,US,33.3317,-105.673,52.75,37,0,6.91,clear sky
95,Sakakah,SA,29.9697,40.2064,72.97,31,17,4.56,few clouds
96,Hamilton,US,39.1834,-84.5333,48.78,49,0,8.05,clear sky
97,Zarubino,RU,42.63,131.0922,59.18,53,75,5.37,broken clouds
98,Victoria,HK,22.2855,114.1577,82.45,66,43,7.0,scattered clouds
99,Mto Wa Mbu,TZ,-3.35,35.85,64.44,85,100,4.0,overcast clouds
100,Atuona,PF,-9.8,-139.0333,77.23,67,5,16.55,clear sky
101,West Monroe,US,32.5185,-92.1476,61.52,61,0,3.44,clear sky
102,Bisho,ZA,-32.8472,27.4422,57.61,89,68,4.72,broken clouds
103,Saint-Philippe,RE,-21.3585,55.7679,67.59,78,45,8.63,light rain
104,Tiksi,RU,71.6872,128.8694,3.74,92,10,9.4,clear sky
105,Katsuura,JP,35.1333,140.3,69.44,55,0,11.61,clear sky
106,Strunino,RU,56.3833,38.5667,36.28,85,99,5.82,overcast clouds
107,Aras,ES,42.5617,-2.356,59.43,63,20,3.44,few clouds
108,Naron,ES,43.5167,-8.1528,61.65,75,26,21.25,scattered clouds
109,Gamba,GA,-2.65,10.0,75.2,88,58,4.29,broken clouds
110,Hope,US,33.6671,-93.5916,64.45,64,0,5.41,clear sky
111,Datong,CN,40.0936,113.2914,60.31,44,36,5.82,scattered clouds
112,Husavik,IS,66.0449,-17.3389,35.96,90,100,3.06,overcast clouds
113,Waingapu,ID,-9.6567,120.2641,87.12,64,92,8.55,overcast clouds
114,Leningradskiy,RU,69.3833,178.4167,30.69,97,100,7.63,overcast clouds
115,Horki,BY,54.2861,30.9842,40.05,91,100,5.5,overcast clouds
116,Tres Arroyos,AR,-38.3739,-60.2798,46.94,79,1,4.5,clear sky
117,Mazyr,BY,52.0495,29.2456,38.5,87,90,4.36,overcast clouds
118,Belmonte,BR,-15.8631,-38.8828,73.56,83,49,6.51,scattered clouds
119,Bandarbeyla,SO,9.4942,50.8122,77.36,87,1,7.36,light rain
120,Butaritari,KI,3.0707,172.7902,81.23,74,19,9.28,few clouds
121,Nikolskoye,RU,59.7035,30.7861,40.91,96,100,3.49,overcast clouds
122,Cape Town,ZA,-33.9258,18.4232,60.89,82,0,5.99,clear sky
123,Tuktoyaktuk,CA,69.4541,-133.0374,24.8,93,100,10.36,light snow
124,Touros,BR,-5.1989,-35.4608,77.32,71,47,17.83,scattered clouds
125,Svetlyy,RU,54.675,20.1347,35.65,77,93,10.85,overcast clouds
126,Bay Roberts,CA,47.5999,-53.2648,63.52,96,100,4.0,light rain
127,Dawlatabad,AF,36.4141,64.9053,59.72,35,83,1.83,broken clouds
128,Opuwo,NA,-18.0607,13.84,71.15,37,30,2.01,scattered clouds
129,Sampit,ID,-2.5333,112.95,87.33,67,100,2.39,light rain
130,Richards Bay,ZA,-28.783,32.0377,71.04,91,100,11.18,overcast clouds
131,Yar-Sale,RU,66.8333,70.8333,31.17,97,100,13.4,light snow
132,Kamskiye Polyany,RU,55.4307,51.4171,32.81,89,6,4.29,clear sky
133,Ancud,CL,-41.8697,-73.8203,41.23,86,12,6.17,few clouds
134,Avarua,CK,-21.2078,-159.775,78.85,78,100,13.8,overcast clouds
135,Waddan,LY,29.1614,16.139,63.5,74,4,5.23,clear sky
136,Bonavista,CA,48.6499,-53.1147,57.4,95,100,14.97,overcast clouds
137,Port Elizabeth,ZA,-33.918,25.5701,53.89,94,20,1.14,few clouds
138,Broken Hill,AU,-31.95,141.4333,74.66,50,45,10.94,scattered clouds
139,Alcaniz,ES,41.05,-0.1333,69.42,49,100,7.83,overcast clouds
140,Rawson,AR,-43.3002,-65.1023,47.98,59,98,12.77,overcast clouds
141,Hualmay,PE,-11.0964,-77.6139,60.85,83,10,8.55,clear sky
142,Ewa Beach,US,21.3156,-158.0072,83.57,60,40,11.5,scattered clouds
143,Thompson,CA,55.7435,-97.8558,48.36,71,75,10.36,broken clouds
144,Fengrun,CN,39.8333,118.1167,67.15,33,46,7.65,scattered clouds
145,Vardo,NO,70.3705,31.1107,33.78,80,75,11.5,broken clouds
146,Saint George,US,37.1041,-113.5841,73.99,26,0,6.91,clear sky
147,Yulin,CN,22.6333,110.15,78.1,51,88,3.22,overcast clouds
148,Bathsheba,BB,13.2167,-59.5167,81.21,89,40,17.27,scattered clouds
149,Khatanga,RU,71.9667,102.5,8.62,92,47,3.98,scattered clouds
150,Wad Rawah,SD,15.1603,33.1397,85.26,36,18,7.67,few clouds
151,Mopti,ML,14.6667,-4.0,73.44,100,0,6.91,clear sky
152,Hermanus,ZA,-34.4187,19.2345,54.81,87,28,8.03,scattered clouds
153,Lubango,AO,-14.9172,13.4925,63.36,59,51,1.5,broken clouds
154,Deputatskiy,RU,69.3,139.9,0.7,94,36,6.55,scattered clouds
155,Carnarvon,AU,-24.8667,113.6333,71.4,55,1,11.07,clear sky
156,Oriximina,BR,-1.7656,-55.8661,78.62,80,100,1.39,overcast clouds
157,Cabo San Lucas,MX,22.8909,-109.9124,81.61,76,9,7.0,clear sky
158,Fria,GN,10.4167,-13.5833,69.22,97,75,2.51,broken clouds
159,Port Lincoln,AU,-34.7333,135.8667,69.31,53,34,10.16,scattered clouds
160,Nampa,US,43.5407,-116.5635,65.59,40,0,0.0,clear sky
161,Viedma,AR,-40.8135,-62.9967,50.77,80,95,13.22,moderate rain
162,Lianran,CN,24.9227,102.485,61.34,67,33,3.11,scattered clouds
163,San Patricio,US,28.017,-97.5169,71.85,57,0,9.73,clear sky
164,Kapaa,US,22.0752,-159.319,75.11,77,100,6.91,light rain
165,Trincomalee,LK,8.5711,81.2335,78.69,86,100,10.89,moderate rain
166,Zyryanka,RU,65.75,150.85,15.89,76,100,13.2,overcast clouds
167,Provideniya,RU,64.3833,-173.3,35.71,100,100,11.01,fog
168,Mahebourg,MU,-20.4081,57.7,70.25,88,40,4.61,scattered clouds
169,Qasigiannguit,GL,68.8193,-51.1922,21.45,79,100,2.91,overcast clouds
170,Tura,IN,25.5198,90.2201,78.24,63,0,3.94,clear sky
171,Coahuayana,MX,18.7333,-103.6833,76.01,92,100,1.95,overcast clouds
172,Castro,BR,-24.7911,-50.0119,62.06,95,100,13.85,moderate rain
173,San Francisco,US,37.7749,-122.4194,72.37,87,20,17.27,few clouds
174,Lisala,CD,2.15,21.5167,68.77,100,100,2.06,overcast clouds
175,La Palma,US,33.8464,-118.0467,81.93,51,20,6.91,few clouds
176,Taoudenni,ML,22.6783,-3.9836,79.39,18,6,14.16,clear sky
177,Bundaberg,AU,-24.85,152.35,81.21,76,34,5.01,scattered clouds
178,Geraldton,AU,-28.7667,114.6,69.22,63,49,11.65,scattered clouds
179,Palana,RU,59.1167,159.9667,27.07,83,100,4.56,light snow
180,Pergamino,AR,-33.89,-60.5736,60.19,62,82,6.76,broken clouds
181,Villa Carlos Paz,AR,-31.4241,-64.4978,62.38,72,0,1.99,clear sky
182,Labuhan,ID,-6.8844,112.2051,84.76,70,100,5.46,light rain
183,Balabac,PH,7.9868,117.0645,85.08,68,99,6.49,overcast clouds
184,Pangnirtung,CA,66.1451,-65.7125,29.25,83,100,10.54,light snow
185,Meulaboh,ID,4.1363,96.1285,74.71,95,100,8.37,light rain
186,Kajaani,FI,64.2273,27.7285,33.85,93,0,4.61,light snow
187,Lata,PT,40.1629,-8.3327,62.82,96,100,4.74,overcast clouds
188,Nueve De Julio,AR,-35.4444,-60.8831,65.97,50,1,8.01,clear sky
189,Namibe,AO,-15.1961,12.1522,65.14,87,41,5.03,scattered clouds
190,Naifaru,MV,5.4444,73.3657,81.39,78,64,13.78,broken clouds
191,Mandalgovi,MN,45.7625,106.2708,34.38,66,100,11.1,overcast clouds
192,Grand Forks,US,47.9417,-97.4337,58.93,41,75,14.97,broken clouds
193,Prince Rupert,CA,54.3161,-130.3201,47.89,88,100,5.75,moderate rain
194,Tautira,PF,-17.7333,-149.15,77.23,80,58,18.12,light rain
195,Merauke,ID,-8.4667,140.3333,84.83,72,50,8.66,scattered clouds
196,Hasaki,JP,35.7333,140.8333,70.2,53,0,13.35,clear sky
197,Smolenka,RU,52.1352,113.4974,36.95,55,20,0.0,few clouds
198,Tasiilaq,GL,65.6145,-37.6368,35.76,98,100,4.14,light rain
199,Whitehorse,CA,60.7161,-135.0538,43.57,52,75,11.5,broken clouds
200,Astoria,US,46.1879,-123.8313,54.86,95,0,4.61,clear sky
201,Olafsvik,IS,64.8945,-23.7142,39.88,79,87,21.36,overcast clouds
202,Elmira,US,42.0898,-76.8077,46.72,36,100,9.22,overcast clouds
203,Salinopolis,BR,-0.6136,-47.3561,79.32,80,13,8.63,few clouds
204,Tawang,IN,27.5833,91.8667,55.08,38,3,4.27,clear sky
205,Kaeo,NZ,-35.1,173.7833,68.32,64,73,7.07,broken clouds
206,Sao Joao Da Barra,BR,-21.6403,-41.0511,73.76,85,76,27.34,broken clouds
207,Tazovskiy,RU,67.4667,78.7,33.64,97,100,14.29,overcast clouds
208,Camacha,PT,33.0833,-16.3333,67.42,88,20,3.44,few clouds
209,Natal,BR,-5.795,-35.2094,77.22,73,40,11.5,scattered clouds
210,Bahia De Caraquez,EC,-0.6,-80.4167,71.78,83,93,9.93,overcast clouds
211,Arraial Do Cabo,BR,-22.9661,-42.0278,72.75,87,3,30.98,clear sky
212,Savannah Bight,HN,16.45,-85.85,80.8,76,60,4.16,moderate rain
213,Stuttgart,DE,48.7823,9.177,59.77,73,40,1.14,shower rain
214,Port Keats,AU,-14.25,129.55,93.06,51,29,10.51,scattered clouds
215,Makurdi,NG,7.7411,8.5121,73.69,96,100,3.98,overcast clouds
216,Escanaba,US,45.7453,-87.0646,47.95,77,0,15.99,clear sky
217,Saint-Augustin,CA,51.226,-58.6502,45.55,92,1,10.96,clear sky
218,Ossora,RU,59.2353,163.0719,32.49,55,99,4.36,overcast clouds
219,Kazerun,IR,29.6195,51.6541,68.47,26,0,4.18,clear sky
220,Isangel,VU,-19.55,169.2667,82.51,74,75,6.91,broken clouds
221,Imbituba,BR,-28.24,-48.6703,68.36,94,100,9.91,light rain
222,Andros Town,BS,24.7,-77.7667,77.16,78,29,10.76,scattered clouds
223,Birao,CF,10.2849,22.7882,73.02,73,85,1.3,overcast clouds
224,Byron Bay,AU,-28.65,153.6167,73.36,86,91,16.2,light rain
225,Port Blair,IN,11.6667,92.75,82.44,83,75,12.66,mist
226,Napier,NZ,-39.4833,176.9167,54.28,53,97,5.99,overcast clouds
227,Christchurch,NZ,-43.5333,172.6333,56.32,47,75,14.97,broken clouds
228,Lavrentiya,RU,65.5833,-171.0,34.16,99,100,8.43,light snow
229,Sao Filipe,CV,14.8961,-24.4956,77.52,81,10,5.73,clear sky
230,Panguna,PG,-6.3164,155.4848,77.23,83,78,2.21,moderate rain
231,Karratha,AU,-20.7377,116.8463,88.18,40,3,11.68,clear sky
232,Ribeira Grande,PT,38.5167,-28.7,65.62,68,24,14.05,few clouds
233,Saint-Georges,GD,12.0564,-61.7485,78.48,89,20,0.0,few clouds
234,Sioux Lookout,CA,50.1001,-91.917,44.67,65,75,11.5,broken clouds
235,Charlestown,AU,-32.95,151.6667,74.5,86,100,5.01,light rain
236,Alofi,NU,-19.0595,-169.9187,76.89,94,83,5.75,broken clouds
237,Bethel,US,41.3712,-73.414,56.53,76,0,4.0,clear sky
238,Milas,TR,37.3164,27.7839,61.95,48,0,6.91,clear sky
239,Sonoita,MX,31.85,-112.8333,80.42,34,0,6.22,clear sky
240,Jumla,NP,29.2747,82.1838,52.75,52,0,2.15,clear sky
241,Wollongong,AU,-34.4333,150.8833,70.25,93,100,5.53,light rain
242,Eidfjord,NO,60.4675,7.0719,39.65,70,85,8.88,overcast clouds
243,Shahreza,IR,32.0339,51.8794,55.17,32,52,3.78,broken clouds
244,Wanganui,NZ,-39.9333,175.05,56.59,56,82,13.0,broken clouds
245,Khasan,RU,42.4308,130.6434,61.56,46,64,1.19,broken clouds
246,Faanui,PF,-16.4833,-151.75,79.0,76,88,13.13,light rain
247,Chincha Alta,PE,-13.4099,-76.1323,59.59,80,8,2.59,clear sky
248,Puerto Carreno,CO,6.189,-67.4859,77.85,86,71,4.05,broken clouds
249,Antofagasta,CL,-23.65,-70.4,58.28,78,47,3.24,scattered clouds
250,Ladario,BR,-19.0047,-57.6017,72.18,98,92,2.01,overcast clouds
251,Mezhdurechensk,RU,53.6942,88.0603,37.58,99,100,2.35,moderate rain
252,Westport,US,41.1415,-73.3579,58.82,63,0,16.11,clear sky
253,Luau,AO,-10.7073,22.2247,66.79,67,100,3.44,overcast clouds
254,Henties Bay,NA,-22.116,14.2845,57.18,93,98,7.0,overcast clouds
255,Monrovia,LR,6.3005,-10.7969,75.81,86,39,2.77,scattered clouds
256,Marawi,PH,7.9986,124.2928,82.9,61,100,3.04,light rain
257,Cervo,ES,43.6702,-7.4101,62.4,64,5,17.4,clear sky
258,Tuburan,PH,6.6439,122.2736,84.29,69,72,3.94,broken clouds
259,Cidreira,BR,-30.1811,-50.2056,66.38,98,100,7.36,overcast clouds
260,Pagudpud,PH,18.5616,120.7868,78.71,92,100,11.03,moderate rain
261,Okha,RU,53.5739,142.9478,38.08,58,86,18.86,light rain
262,Souillac,MU,-20.5167,57.5167,70.18,88,40,4.61,scattered clouds
263,Maturin,VE,9.75,-63.1767,78.64,89,90,5.75,overcast clouds
264,Ahuimanu,US,21.4447,-157.8378,83.34,67,75,11.5,broken clouds
265,Port-Gentil,GA,-0.7193,8.7815,77.77,85,83,11.41,light rain
266,Sandnessjoen,NO,66.0217,12.6316,36.12,75,98,8.86,overcast clouds
267,Daru,PG,-9.0763,143.2092,85.62,69,29,7.16,scattered clouds
268,Makakilo City,US,21.3469,-158.0858,82.15,60,40,11.5,scattered clouds
269,Ngunguru,NZ,-35.6167,174.5,63.54,57,100,6.04,overcast clouds
270,Lorengau,PG,-2.0226,147.2712,86.13,65,79,6.33,broken clouds
271,Sapa,PH,5.1544,120.3241,84.78,69,100,4.38,overcast clouds
272,Poum,NC,-20.2333,164.0167,76.93,69,93,19.86,overcast clouds
273,Qusar,AZ,41.4273,48.4289,52.47,87,61,4.74,broken clouds
274,Kenai,US,60.5544,-151.2583,44.69,87,0,6.91,clear sky
275,Isla Mujeres,MX,21.2311,-86.731,76.37,69,88,13.24,overcast clouds
276,Severo-Kurilsk,RU,50.6789,156.125,43.54,75,98,10.71,overcast clouds
277,Half Moon Bay,US,37.4636,-122.4286,69.82,80,100,17.27,overcast clouds
278,Huarmey,PE,-10.0681,-78.1522,60.93,85,13,7.54,few clouds
279,San Carlos De Bariloche,AR,-41.1456,-71.3082,44.02,64,40,0.0,scattered clouds
280,Esso,RU,55.9333,158.7,26.42,84,31,2.28,scattered clouds
281,Ibra,OM,22.6906,58.5334,76.8,29,0,2.95,clear sky
282,Flin Flon,CA,54.7682,-101.865,48.67,62,40,11.5,scattered clouds
283,Young,UY,-32.6833,-57.6333,60.93,97,100,5.91,light rain
284,Enshi,CN,30.3,109.4833,64.51,58,66,2.46,broken clouds
285,Kaitangata,NZ,-46.2817,169.8464,53.91,44,87,12.48,overcast clouds
286,Kulhudhuffushi,MV,6.6221,73.07,81.07,80,86,14.7,overcast clouds
287,Los Amates,GT,15.2667,-89.1,73.44,99,100,1.61,heavy intensity rain
288,General Roca,AR,-39.0333,-67.5833,64.62,43,100,25.52,overcast clouds
289,Aklavik,CA,68.2191,-135.0107,17.85,98,100,1.83,overcast clouds
290,El Campo,US,29.1966,-96.2697,68.29,67,0,4.61,clear sky
291,Fairbanks,US,64.8378,-147.7164,37.6,89,100,5.75,overcast clouds
292,Te Anau,NZ,-45.4167,167.7167,53.33,44,33,3.2,scattered clouds
293,Longyearbyen,SJ,78.2186,15.6401,17.44,73,0,9.22,clear sky
294,Havre-Saint-Pierre,CA,50.2334,-63.5986,44.6,93,0,2.3,clear sky
295,Santa Rosa,PH,14.3122,121.1114,89.1,71,100,4.38,overcast clouds
296,Bairiki,KI,1.3292,172.9752,86.0,66,20,8.05,few clouds
297,Jawhar,SO,2.7809,45.5005,73.35,90,35,6.35,scattered clouds
298,Sawakin,SD,19.1059,37.3321,81.07,71,0,0.34,clear sky
299,Sembe,CG,1.6481,14.5806,67.62,100,98,2.19,overcast clouds
300,Mezen,RU,65.8522,44.24,30.79,82,69,9.37,broken clouds
301,Muzhi,RU,65.3667,64.6667,28.45,90,57,7.18,broken clouds
302,Cravo Norte,CO,6.3017,-70.2041,77.32,84,97,3.76,overcast clouds
303,Shitanjing,CN,39.2342,106.3439,53.01,27,0,11.45,clear sky
304,Port Hawkesbury,CA,45.6169,-61.3485,51.58,85,0,9.22,clear sky
305,Safranbolu,TR,41.2508,32.6942,41.2,91,29,2.21,scattered clouds
306,Zhigalovo,RU,54.8097,105.1578,35.8,63,30,2.66,scattered clouds
307,Lasa,IT,46.6166,10.7002,56.28,92,100,4.05,overcast clouds
308,Siedlce,PL,52.1677,22.2901,36.57,86,5,7.7,clear sky
309,Puerto Escondido,MX,15.85,-97.0667,79.63,65,100,3.44,overcast clouds
310,Shache,CN,38.4167,77.2406,56.95,20,40,4.85,scattered clouds
311,Suntar,RU,62.1444,117.6319,29.16,85,95,8.16,overcast clouds
312,Buraydah,SA,26.326,43.975,63.05,17,0,7.52,clear sky
313,Khandyga,RU,62.6667,135.6,16.18,85,100,2.01,overcast clouds
314,Tarut,SA,26.5733,50.0369,77.2,65,0,9.04,clear sky
315,Alexandria,EG,31.2156,29.9553,63.14,68,0,3.24,clear sky
316,Wamba,NG,8.9333,8.6,71.02,69,94,2.21,overcast clouds
317,Fort Nelson,CA,58.8053,-122.7002,49.59,34,75,8.05,broken clouds
318,Burnie,AU,-41.0667,145.9167,58.95,96,100,13.13,overcast clouds
319,Port Hardy,CA,50.6996,-127.4199,50.18,81,75,4.61,broken clouds
320,San-Pedro,CI,4.7485,-6.6363,73.99,94,47,4.32,scattered clouds
321,Muros,ES,42.7762,-9.0603,60.84,84,56,22.26,broken clouds
322,Kavaratti,IN,10.5669,72.642,80.64,78,100,5.23,overcast clouds
323,Nizhniy Kuranakh,RU,58.8353,125.4869,29.93,93,100,8.52,light snow
324,Talnakh,RU,69.4865,88.3972,34.21,97,100,16.28,light snow
325,Hithadhoo,MV,-0.6,73.0833,81.86,75,100,10.94,overcast clouds
326,Manjo,CM,4.8428,9.8217,68.88,99,100,1.12,moderate rain
327,El Tigre,VE,8.8875,-64.2454,77.81,74,86,8.59,overcast clouds
328,Pahrump,US,36.2083,-115.9839,74.25,21,0,3.36,clear sky
329,Kidal,ML,18.4411,1.4078,76.32,20,8,12.86,clear sky
330,Balestrand,NO,61.2076,6.5334,35.83,69,99,5.26,overcast clouds
331,Kruisfontein,ZA,-34.0033,24.7314,55.06,87,94,3.51,overcast clouds
332,Turukhansk,RU,65.8167,87.9833,34.39,98,100,15.9,light snow
333,Miraflores,MX,19.2167,-98.8083,64.02,89,100,1.3,light rain
334,Haverfordwest,GB,51.8017,-4.9691,59.58,92,98,3.0,overcast clouds
335,Cherskiy,RU,68.75,161.3,12.27,93,72,6.31,broken clouds
336,Bedesa,ET,8.9,40.7833,58.57,85,20,2.55,few clouds
337,Port Moresby,PG,-9.4431,147.1797,90.82,62,40,11.5,haze
338,College,US,64.8569,-147.8028,37.58,88,75,5.75,broken clouds
339,Salinas,US,36.6777,-121.6555,67.01,78,75,9.22,mist
340,Araouane,ML,18.9048,-3.5265,84.36,18,98,3.18,overcast clouds
341,Missoula,US,47.0166,-113.8009,46.56,79,55,5.84,light rain
342,Rio Muerto,MX,27.4167,-110.2333,82.92,54,0,6.76,clear sky
343,Talaya,RU,61.3833,152.75,7.09,84,100,2.57,overcast clouds
344,Vigrestad,NO,58.5667,5.7,50.95,71,100,25.59,light rain
345,Kilosa,TZ,-6.8333,36.9833,64.22,88,90,2.46,overcast clouds
346,Madang,PG,-5.2246,145.7966,86.05,62,100,6.87,overcast clouds
347,Sokur,RU,55.2093,83.319,34.16,89,32,7.45,scattered clouds
348,Aswan,EG,24.0934,32.907,74.5,46,0,4.61,clear sky
349,Vicuna,CL,-30.0319,-70.7081,47.93,35,0,0.83,clear sky
350,Ust-Omchug,RU,61.15,149.6333,8.24,80,5,4.41,clear sky
351,Kodyma,UA,48.0988,29.1246,34.93,80,53,5.61,broken clouds
352,Nakamura,JP,32.9833,132.9333,70.99,62,95,5.35,overcast clouds
353,Atambua,ID,-9.1061,124.8925,86.7,58,25,3.83,scattered clouds
354,Dmytrivka,UA,45.9717,28.9864,37.54,66,0,6.93,clear sky
355,Alangayam,IN,12.6,78.75,74.44,87,89,4.16,overcast clouds
356,Newcastle,AU,-32.9272,151.7765,74.48,93,75,11.5,light rain
357,Abeche,TD,13.8292,20.8324,81.45,26,82,9.22,broken clouds
358,Quatre Cocos,MU,-20.2078,57.7625,70.09,78,38,11.14,scattered clouds
359,Kushmurun,KZ,52.4503,64.6311,44.58,65,71,12.15,broken clouds
360,Anchorage,US,61.2181,-149.9003,40.95,93,100,9.22,light rain
361,Umm Lajj,SA,25.0213,37.2685,79.52,60,4,4.61,clear sky
362,Simbahan,PH,6.3032,120.5836,83.1,74,100,3.44,overcast clouds
363,Cabedelo,BR,-6.9811,-34.8339,74.07,69,8,14.74,clear sky
364,Beyneu,KZ,45.3167,55.2,56.53,76,28,6.85,scattered clouds
365,Vacha,RU,55.8008,42.7706,29.66,94,12,4.83,few clouds
366,Yamethin,MM,20.4333,96.15,81.46,67,0,4.7,clear sky
367,Mackay,AU,-21.15,149.2,79.68,85,99,6.04,moderate rain
368,Wuda,CN,39.4994,106.7117,56.95,21,0,17.83,clear sky
369,Harper,LR,4.375,-7.7169,75.52,88,66,3.0,broken clouds
370,Sorland,NO,67.667,12.6934,40.86,75,100,8.97,overcast clouds
371,Linshui,CN,36.4247,114.2047,70.54,24,2,2.21,clear sky
372,Roebourne,AU,-20.7833,117.1333,90.21,37,3,8.86,clear sky
373,Zemlyansk,RU,51.9041,38.7334,37.04,81,27,13.31,scattered clouds
374,Dali,CN,25.7,100.1833,67.57,62,0,1.41,clear sky
375,Yerofey Pavlovich,RU,53.9667,121.9667,37.56,42,10,3.15,clear sky
376,Okato,NZ,-39.2,173.8833,61.92,100,85,8.61,overcast clouds
377,Basoko,CD,1.2391,23.616,70.3,94,100,3.36,overcast clouds
378,Kincardine,GB,56.0667,-3.7167,52.07,96,100,4.03,overcast clouds
379,San Cristobal,VE,7.7669,-72.225,66.87,92,100,1.54,overcast clouds
380,Sri Aman,MY,1.2376,111.4621,78.85,89,20,0.0,few clouds
381,Torbay,CA,47.6666,-52.7314,62.76,95,100,12.66,light intensity shower rain
382,Kizner,RU,56.2749,51.508,30.92,94,8,4.88,clear sky
383,Trairi,BR,-3.2778,-39.2689,78.3,82,69,13.24,broken clouds
384,Caratinga,BR,-19.7897,-42.1392,67.44,79,60,7.52,broken clouds
385,Barra Do Garcas,BR,-15.89,-52.2567,81.72,39,100,5.5,overcast clouds
386,Linxia,CN,35.6003,103.2064,55.89,47,44,3.18,scattered clouds
387,Vestmanna,FO,62.1564,-7.1664,47.32,87,100,13.8,overcast clouds
388,Mogadishu,SO,2.0371,45.3438,77.27,83,24,11.41,few clouds
389,Avera,US,33.194,-82.5271,43.92,38,0,4.79,clear sky
390,Diego De Almagro,CL,-26.3667,-70.05,57.63,35,0,1.07,clear sky
391,Kizilskoye,RU,52.7255,58.8937,45.19,89,100,2.71,overcast clouds
392,Wau,SS,7.7029,27.9953,73.02,87,83,1.97,broken clouds
393,Eydhafushi,MV,5.1033,73.0708,81.79,76,52,13.8,broken clouds
394,Dumas,US,35.8656,-101.9732,62.53,43,0,10.36,clear sky
395,Vanavara,RU,60.34,102.2797,31.89,84,90,5.35,overcast clouds
396,Alta,NO,69.9689,23.2717,25.86,93,94,4.61,overcast clouds
397,Bakel,SN,14.905,-12.4568,83.01,52,71,4.83,broken clouds
398,Soe,ID,-9.8607,124.284,86.02,43,52,3.58,broken clouds
399,Ulaangom,MN,49.9811,92.0667,38.98,46,93,0.51,overcast clouds
400,Hanzhong,CN,33.0728,107.0303,68.04,55,16,0.25,few clouds
401,Pevek,RU,69.7008,170.3133,20.79,94,100,1.95,overcast clouds
402,Kandrian,PG,-6.2167,149.55,87.55,62,66,8.75,broken clouds
403,Thunder Bay,CA,48.4001,-89.3168,44.58,57,75,3.44,broken clouds
404,Yerbogachen,RU,61.2767,108.0108,30.97,74,100,5.5,overcast clouds
405,Lompoc,US,34.6391,-120.4579,73.78,93,0,4.61,mist
406,Asfi,MA,32.2994,-9.2372,68.81,72,11,5.48,few clouds
407,Leh,IN,34.1667,77.5833,29.97,75,92,2.86,overcast clouds
408,San Ignacio,BZ,17.1561,-89.0714,72.28,98,99,2.84,light rain
409,Hami,CN,42.8,93.45,53.22,33,5,10.4,clear sky
410,Chumikan,RU,54.7183,135.315,37.98,52,6,14.36,clear sky
411,Cockburn Town,TC,21.4612,-71.1419,83.05,77,9,16.93,clear sky
412,Nanortalik,GL,60.1432,-45.2371,38.08,62,100,6.35,overcast clouds
413,Puri,IN,19.8,85.85,79.32,63,0,12.3,clear sky
414,Enugu,NG,6.4402,7.4943,72.1,96,100,1.95,overcast clouds
415,Hobyo,SO,5.3505,48.5268,78.35,84,27,13.29,scattered clouds
416,Sobolevo,RU,54.4299,31.8996,39.56,94,100,4.54,overcast clouds
417,Honiara,SB,-9.4333,159.95,84.61,75,100,4.25,overcast clouds
418,Mahajanga,MG,-15.7167,46.3167,71.62,64,20,6.91,few clouds
419,Palu,ID,-0.8917,119.8707,91.13,59,45,2.91,scattered clouds
420,Kahului,US,20.8947,-156.47,84.31,66,20,10.36,few clouds
421,Saint-Pierre,RE,-21.3393,55.4781,75.56,64,40,5.75,scattered clouds
422,Kingisepp,RU,59.3733,28.6134,40.66,93,100,3.74,overcast clouds
423,Tartagal,AR,-22.5164,-63.8013,69.6,57,99,4.85,overcast clouds
424,Vaitape,PF,-16.5167,-151.75,78.98,76,86,13.2,light rain
425,Tommot,RU,58.9564,126.2925,30.65,90,100,10.09,light snow
426,Moron,AR,-34.6534,-58.6198,67.89,90,100,2.89,overcast clouds
427,Kodiak,US,57.79,-152.4072,49.51,50,40,0.0,scattered clouds
428,Alyangula,AU,-13.8483,136.4192,88.61,57,99,3.78,overcast clouds
429,Tashtagol,RU,52.7657,87.8894,38.86,97,100,11.81,moderate rain
430,Santa Ana,US,33.7456,-117.8678,81.66,48,0,6.91,clear sky
431,Banjar,ID,-8.19,114.9675,87.78,69,35,4.52,scattered clouds
432,Bapatla,IN,15.9,80.4667,80.02,86,95,9.57,overcast clouds
433,Akyab,MM,20.15,92.9,82.54,73,4,5.46,clear sky
434,Mehamn,NO,71.0357,27.8492,37.31,69,20,13.8,few clouds
435,Tadine,NC,-21.55,167.8833,74.44,66,97,18.19,overcast clouds
436,Kavieng,PG,-2.5744,150.7967,84.06,69,88,4.7,overcast clouds
437,Ukiah,US,39.1502,-123.2078,75.09,47,0,4.61,clear sky
438,Tateyama,JP,34.9833,139.8667,72.1,54,1,12.8,clear sky
439,Faya,SA,18.3851,42.4509,57.31,61,0,1.72,clear sky
440,Harda,IN,22.3333,77.1,74.25,79,24,5.53,few clouds
441,Karakulino,RU,56.012,53.7067,31.15,91,8,6.42,clear sky
442,Jacareacanga,BR,-6.2222,-57.7528,74.26,95,66,0.18,broken clouds
443,La Peca,PE,-5.6111,-78.435,69.89,89,76,2.19,light rain
444,Coquimbo,CL,-29.9533,-71.3436,55.13,94,20,8.05,few clouds
445,Boysun,UZ,38.2061,67.1986,54.73,13,4,3.91,clear sky
446,Kuybyshevo,RU,47.8123,38.9073,45.23,75,100,18.68,overcast clouds
447,Porto Santo,PT,33.072,-16.3415,70.18,88,20,3.44,few clouds
448,Lingao,CN,19.9103,109.6859,79.16,79,100,18.79,overcast clouds
449,Nova Praha,UA,48.5682,32.9027,39.76,84,52,10.47,broken clouds
450,Panzhihua,CN,26.5851,101.7128,73.22,59,1,1.03,clear sky
451,Maldonado,UY,-34.6667,-54.9167,61.23,94,100,3.67,overcast clouds
452,Torres,BR,-29.3353,-49.7269,71.83,98,100,1.21,overcast clouds
453,Dunedin,NZ,-45.8742,170.5036,49.8,69,93,8.01,overcast clouds
454,Santa Cruz,BO,-17.8,-63.1667,76.46,65,75,10.36,moderate rain
455,Matagami,CA,49.7502,-77.6328,32.11,93,100,11.5,light snow
456,Rahimatpur,IN,17.6,74.2,76.66,75,62,4.5,broken clouds
457,Sola,VU,-13.8833,167.55,84.87,79,77,0.0,broken clouds
458,Hashtrud,IR,37.4779,47.0508,52.95,34,0,5.57,clear sky
459,Tiznit,MA,29.5833,-9.5,74.8,27,8,5.37,clear sky
460,Mount Gambier,AU,-37.8333,140.7667,68.88,83,73,3.36,broken clouds
461,Chontalpa,MX,17.7,-93.5167,69.57,92,100,2.82,overcast clouds
462,Tocopilla,CL,-22.092,-70.1979,61.99,69,20,5.55,few clouds
463,Shimoda,JP,34.6667,138.95,72.1,53,4,9.24,clear sky
464,Teguldet,RU,57.3064,88.1667,39.51,88,100,8.93,overcast clouds
465,Naryan-Mar,RU,67.6713,53.087,32.45,87,91,12.01,overcast clouds
466,Sechura,PE,-5.5569,-80.8222,60.46,86,80,13.24,broken clouds
467,Saint Anthony,US,45.0205,-93.218,53.22,61,0,5.75,clear sky
468,Saurimo,AO,-9.6608,20.3916,63.68,89,98,2.48,overcast clouds
469,Ozernovskiy,RU,51.5,156.5167,40.57,91,100,6.71,light rain
470,Gizo,SB,-8.103,156.8419,84.13,71,92,4.23,moderate rain
471,Haines Junction,CA,60.7522,-137.5108,35.55,80,100,1.14,overcast clouds
472,Dinahican,PH,14.7167,121.7167,82.85,73,100,1.63,overcast clouds
473,Puerto Princesa,PH,9.7392,118.7353,85.53,68,98,5.7,overcast clouds
474,Ha Giang,VN,22.8333,104.9833,70.77,94,84,0.65,broken clouds
475,Russell,US,32.3502,-85.1999,49.23,87,0,0.0,clear sky
476,Pepingen,BE,50.7501,4.1505,59.65,91,74,8.34,broken clouds
477,Lazaro Cardenas,MX,17.9583,-102.2,78.4,83,100,8.28,overcast clouds
478,Sijunjung,ID,-0.6876,100.9537,86.41,59,97,2.04,overcast clouds
479,Amot,NO,59.5714,7.9877,33.76,90,100,2.62,overcast clouds
480,Kendal,GB,54.3268,-2.7476,52.61,95,63,3.11,broken clouds
481,Bolshaya Martynovka,RU,47.271,41.6679,43.63,86,100,24.83,overcast clouds
482,Tahoua,NE,14.8888,5.2692,79.72,23,20,10.02,few clouds
483,Nagorsk,RU,59.3172,50.8078,33.44,88,99,9.71,overcast clouds
484,Santa Maria,BR,-29.6842,-53.8069,65.5,100,75,1.14,broken clouds
485,Axim,GH,4.8699,-2.2405,77.09,86,100,5.53,light rain
486,Coos Bay,US,43.3665,-124.2179,61.0,96,100,8.05,mist
487,Sept-Iles,CA,50.2001,-66.3821,45.12,84,75,6.91,broken clouds
488,Van Buren,US,35.4368,-94.3483,57.33,68,0,1.01,clear sky
489,Koshurnikovo,RU,54.1667,93.3,31.78,98,100,3.27,snow
490,Beya,RU,53.0533,90.9139,41.47,77,100,8.3,light rain
491,Ndele,CF,8.4109,20.6473,70.84,91,100,3.02,overcast clouds
492,Ahipara,NZ,-35.1667,173.1667,62.22,60,21,10.6,few clouds
493,Laguna,US,38.421,-121.4238,76.17,47,0,0.0,clear sky
494,Puerto Madryn,AR,-42.7692,-65.0385,48.76,59,83,15.57,broken clouds
495,Stillwater,US,36.1156,-97.0584,62.56,46,0,0.0,clear sky
496,Mutoko,ZW,-17.397,32.2268,56.48,86,0,3.18,clear sky
497,Guiong,PH,6.4186,122.0258,85.39,72,94,5.39,overcast clouds
498,Upata,VE,8.0086,-62.3989,76.19,93,78,4.61,broken clouds
499,Collie,AU,-33.3667,116.15,64.08,50,97,6.58,overcast clouds
500,Clyde River,CA,70.4692,-68.5914,19.63,79,100,12.66,light snow
501,Kingman,US,35.1894,-114.053,73.26,38,0,10.36,clear sky
502,Namatanai,PG,-3.6667,152.4333,85.66,65,100,2.93,light rain
503,Da Nang,VN,16.0678,108.2208,84.18,61,20,6.91,few clouds
504,Ust-Kuyga,RU,70.0167,135.6,2.41,97,89,5.06,overcast clouds
505,Oistins,BB,13.0667,-59.5333,80.69,89,40,17.27,scattered clouds
506,Berlevag,NO,70.8578,29.0864,37.35,70,75,14.97,broken clouds
507,Esperance,AU,-33.8667,121.9,64.24,84,99,4.14,overcast clouds
508,Meadow Lake,US,34.8014,-106.5436,61.12,32,2,7.36,clear sky
509,Santa Luzia,BR,-19.7697,-43.8514,72.5,64,0,6.91,clear sky
510,Dongsheng,CN,39.8161,109.9776,58.01,26,0,17.27,clear sky
511,Igarka,RU,67.4667,86.5833,33.3,98,100,16.08,light snow
512,Kichmengskiy Gorodok,RU,59.9816,45.7854,34.7,79,100,10.69,overcast clouds
513,Seoul,KR,37.5683,126.9778,63.97,47,20,3.44,haze
514,Nicoya,CR,10.1483,-85.452,74.39,93,99,3.0,overcast clouds
515,Colesberg,ZA,-30.72,25.0972,68.04,54,85,5.08,overcast clouds
516,Champerico,GT,14.3,-91.9167,79.93,84,99,4.85,light rain
517,La Asuncion,VE,11.0333,-63.8628,69.53,100,1,10.36,clear sky
518,Ciudad Ojeda,VE,10.1964,-71.3082,77.92,88,3,7.05,clear sky
519,Ribas Do Rio Pardo,BR,-20.4431,-53.7592,70.25,97,100,5.01,moderate rain
520,Kintinku,TZ,-5.8833,35.2333,67.62,64,88,4.9,overcast clouds
521,Ginda,IN,30.6945,78.4932,58.86,41,1,1.68,clear sky
522,Nara,JP,34.6851,135.8049,73.49,31,17,3.11,few clouds
523,Maceio,BR,-9.6658,-35.7353,71.04,94,0,3.44,clear sky
524,Tessalit,ML,20.1986,1.0114,75.78,22,18,10.69,few clouds
525,Raudeberg,NO,61.9875,5.1352,34.47,54,37,8.75,scattered clouds
526,Plettenberg Bay,ZA,-34.0527,23.3716,58.84,77,41,2.59,scattered clouds
527,Mayumba,GA,-3.432,10.6554,76.01,87,79,4.18,light rain
528,Coolum Beach,AU,-26.5333,153.1,69.33,98,48,1.01,light rain
529,Kindu,CD,-2.95,25.95,69.01,99,100,2.01,overcast clouds
530,Ternate,ID,0.8,127.4,85.39,68,100,3.42,overcast clouds
531,Bukama,CD,-9.2,25.85,71.17,76,100,3.96,overcast clouds
532,Kathu,TH,7.9178,98.3332,81.7,99,97,12.15,overcast clouds
533,Ayan,RU,56.45,138.1667,32.95,45,31,21.23,scattered clouds
534,Kabinda,CD,-6.1333,24.4833,67.32,93,100,3.44,overcast clouds
535,Trinidad,BO,-14.8333,-64.9,79.59,74,100,3.8,overcast clouds
536,Beira,MZ,-19.8436,34.8389,71.69,94,20,5.01,few clouds
537,Tovarkovskiy,RU,53.6822,38.2092,32.52,91,6,7.14,clear sky
538,Alta Floresta,BR,-9.8756,-56.0861,73.11,91,73,2.1,broken clouds
539,Dzhuryn,UA,49.0329,25.5839,34.48,82,0,5.68,clear sky
540,Matara,LK,5.9485,80.5353,78.13,87,100,10.47,overcast clouds
541,Marovoay,MG,-16.1,46.6333,70.0,76,0,4.63,clear sky
542,Geilo,NO,60.5333,8.2076,30.7,78,95,1.41,overcast clouds
543,Pangai,TO,-19.8,-174.35,75.31,83,75,2.3,broken clouds
544,Pasni,PK,25.2631,63.471,82.02,35,0,6.93,clear sky
545,Caborca,MX,30.5838,-111.101,76.6,41,0,4.45,clear sky
546,Balkhash,KZ,46.844,74.9804,41.61,81,0,8.95,clear sky
547,Dzhebariki-Khaya,RU,62.2167,135.8,15.98,88,98,0.96,overcast clouds
548,Kudahuvadhoo,MV,2.6708,72.8944,81.75,70,90,13.33,overcast clouds
549,Impfondo,CG,1.6381,18.0667,70.23,99,100,2.68,overcast clouds
550,Anadyr,RU,64.75,177.4833,36.1,93,40,4.47,scattered clouds
551,Labytnangi,RU,66.6572,66.4183,31.1,94,100,4.81,light snow
552,Bud,US,39.447,-86.1758,49.95,47,4,8.57,clear sky
553,Alice Springs,AU,-23.7,133.8833,88.21,40,0,8.05,clear sky
554,Adrar,MR,20.5022,-10.0711,83.21,19,99,8.63,overcast clouds
555,Bairnsdale,AU,-37.8333,147.6167,75.16,55,100,9.1,light rain
556,Chapais,CA,49.7834,-74.8492,31.78,83,58,10.4,broken clouds
557,Camana,PE,-16.6228,-72.7111,60.98,84,69,6.26,broken clouds
558,Zuya,UA,45.0531,34.3154,40.89,73,100,6.58,overcast clouds
559,Noyabrsk,RU,63.1994,75.4507,34.12,89,100,19.24,overcast clouds
560,Vila Velha,BR,-20.3297,-40.2925,75.15,86,75,6.91,broken clouds
561,Boa Vista,BR,2.8197,-60.6733,80.58,78,0,3.44,clear sky
562,Oktyabrskoye,RU,43.0645,44.7417,42.94,93,100,8.95,mist
563,Sabzevar,IR,36.2126,57.6819,51.08,58,40,9.22,scattered clouds
564,Port Hedland,AU,-20.3167,118.5667,93.25,40,4,10.36,clear sky
565,Libertador General San Martin,AR,-23.8064,-64.7876,70.99,52,89,1.79,overcast clouds
566,Bara,NG,10.3744,10.7288,72.9,45,100,0.76,overcast clouds
567,Gat,IL,31.61,34.7642,71.4,100,58,5.68,broken clouds
568,Liberty,US,31.8335,-81.5004,53.28,38,0,0.0,clear sky
569,Picota,PE,-6.9197,-76.3304,75.69,97,86,1.7,overcast clouds
570,Palembang,ID,-2.9167,104.7458,80.69,89,40,3.44,scattered clouds
571,Arlit,NE,18.7369,7.3853,74.84,23,0,8.97,clear sky
572,Putai,FR,46.6579,1.9863,63.79,84,100,13.71,overcast clouds
573,Batemans Bay,AU,-35.7167,150.1833,66.09,96,100,4.54,moderate rain
574,Vitim,RU,59.4511,112.5578,32.59,69,100,5.55,overcast clouds
575,Wanning,CN,18.8003,110.3967,76.75,93,100,14.88,overcast clouds
576,Luchegorsk,RU,46.4764,134.2569,52.93,51,100,6.78,light rain
577,Ixtapa,MX,20.7,-105.2,76.5,95,88,2.04,overcast clouds
578,Nemuro,JP,43.3236,145.575,58.05,61,36,6.58,scattered clouds
579,Vanimo,PG,-2.6741,141.3028,85.1,68,90,6.17,overcast clouds
580,Fraserburgh,GB,57.6874,-2.0184,52.12,96,100,18.14,light rain
581,Pechora,RU,65.1472,57.2244,31.41,97,100,10.09,snow
582,Novyy Urengoy,RU,66.0833,76.6333,32.76,89,100,14.41,overcast clouds
583,Broome,US,42.2506,-75.833,43.59,68,100,5.75,overcast clouds
584,Kamogawa,JP,35.1,140.1,69.62,53,1,10.65,clear sky
585,Cap-Aux-Meules,CA,47.3821,-61.8597,51.85,71,0,16.11,clear sky
586,Fortuna,US,40.5982,-124.1573,53.92,87,100,0.0,overcast clouds
587,Morros,BR,-9.4467,-46.3003,79.34,32,19,0.34,few clouds
588,Guaraniacu,BR,-25.1008,-52.8781,59.31,99,100,4.18,overcast clouds
589,Ozinki,RU,51.1786,49.6769,44.74,84,94,11.63,overcast clouds
590,Channel-Port Aux Basques,CA,47.5702,-59.1367,50.54,78,17,7.16,few clouds
591,Soyo,AO,-6.1349,12.3689,76.1,87,100,6.85,overcast clouds
592,Ville-Marie,CA,47.3335,-79.433,34.05,81,100,9.01,overcast clouds
593,Comodoro Rivadavia,AR,-45.8667,-67.5,40.86,81,0,6.91,clear sky
594,Tigzirt,DZ,36.8886,4.1198,75.51,44,8,6.93,clear sky
595,Barga,IT,44.0742,10.4808,62.96,72,100,0.27,overcast clouds
596,Loding,NO,67.3,14.75,43.65,95,75,8.05,broken clouds
597,Macherla,IN,16.4833,79.4333,78.71,83,20,5.03,few clouds
598,Pontianak,ID,-0.0333,109.3333,85.98,74,20,4.61,few clouds
599,Inhambane,MZ,-23.865,35.3833,70.74,85,5,4.54,clear sky
600,Maymyo,MM,22.0333,96.4667,72.95,69,0,3.02,clear sky
601,Skelleftea,SE,64.7507,20.9528,35.96,100,100,3.44,overcast clouds
602,Muzaffarabad,PK,34.37,73.4711,61.68,49,0,4.99,clear sky
603,Key West,US,24.5557,-81.7826,72.0,70,100,14.88,overcast clouds
604,Wajima,JP,37.4,136.9,66.88,63,40,8.05,scattered clouds
605,Guaruja,BR,-23.9931,-46.2564,72.05,88,58,3.13,broken clouds
606,Basco,PH,20.4487,121.9702,79.45,83,100,28.45,overcast clouds
607,Urengoy,RU,65.9667,78.3667,33.98,93,100,14.74,overcast clouds
608,Luena,AO,-11.7833,19.9167,62.76,80,100,1.97,light rain
609,Palmas De Monte Alto,BR,-14.2672,-43.1619,75.07,53,77,9.08,broken clouds
610,Svetlaya,RU,46.5389,138.3297,52.57,46,100,6.17,overcast clouds
611,Boende,CD,-0.2167,20.8667,68.77,100,100,2.51,overcast clouds
612,Yasnyy,RU,51.0333,59.8742,45.77,66,100,9.33,overcast clouds
613,Cabatuan,PH,10.8794,122.486,87.19,66,85,5.5,overcast clouds
614,Glace Bay,CA,46.1969,-59.957,45.79,92,0,5.75,clear sky
615,Kolodeznyy,RU,51.3333,39.1833,41.09,70,97,16.98,overcast clouds
616,Zhanaozen,KZ,43.3,52.8,53.58,92,11,7.78,few clouds
617,Constitucion,CL,-35.3333,-72.4167,53.8,81,100,10.87,overcast clouds
618,Gravdal,NO,68.1214,13.5031,45.63,79,100,8.61,overcast clouds
619,Kharp,RU,66.8014,65.8081,30.33,98,100,3.24,light snow
620,Murakami,JP,38.2333,139.4833,66.09,52,92,4.03,overcast clouds
621,Mount Isa,AU,-20.7333,139.5,87.84,23,0,8.59,clear sky
622,Mossendjo,CG,-2.9506,12.7261,69.35,99,100,1.05,moderate rain
623,Les Cayes,HT,18.2,-73.75,77.13,84,39,3.6,scattered clouds
624,Menongue,AO,-14.6585,17.691,66.38,56,86,2.48,overcast clouds
625,Sault Sainte Marie,CA,46.5168,-84.3333,39.02,85,0,5.75,clear sky
626,Airai,TL,-8.9266,125.4092,77.07,53,51,1.86,broken clouds
627,Issoudun,FR,47.0,1.8333,64.09,77,0,10.36,clear sky
628,Dreznica,BA,43.5289,17.2819,49.28,48,53,2.33,broken clouds
629,Haimen,CN,23.1935,116.6142,78.69,54,92,11.18,overcast clouds
630,Evensk,RU,61.95,159.2333,19.09,72,81,6.93,broken clouds
631,Tarko-Sale,RU,64.9225,77.785,34.39,92,100,17.13,overcast clouds
632,San,ML,13.3034,-4.8956,80.17,35,78,3.33,broken clouds
633,Fare,PF,-16.7,-151.0167,78.73,76,94,14.74,light rain
634,Grindavik,IS,63.8424,-22.4338,39.67,81,0,11.5,clear sky
635,Khash,IR,28.2211,61.2158,63.03,21,0,1.12,clear sky
636,Hearst,CA,49.6835,-83.6665,34.05,93,100,10.54,overcast clouds
637,Port Shepstone,ZA,-30.7414,30.455,70.3,82,100,8.86,overcast clouds
638,Sal Rei,CV,16.1833,-22.9167,76.93,84,23,8.16,few clouds
639,San Jeronimo,PE,-11.9472,-75.2829,49.53,82,100,4.74,overcast clouds
640,Kirakira,SB,-10.4544,161.9205,84.24,71,93,6.64,overcast clouds
641,Rampur Hat,IN,24.1667,87.7833,78.21,64,0,7.54,clear sky
642,Ambilobe,MG,-13.2,49.05,66.94,72,11,4.12,few clouds
643,Garhi Khairo,PK,28.0606,67.9803,76.05,35,0,3.62,clear sky
644,Villa Union,MX,23.2,-106.2333,84.02,81,5,2.59,clear sky
645,Praia Da Vitoria,PT,38.7333,-27.0667,62.85,77,20,15.26,few clouds
646,Nome,US,64.5011,-165.4064,37.17,97,88,5.03,light rain
647,Green River,US,41.5286,-109.4662,57.6,24,0,1.99,clear sky
648,Presidente Medici,BR,-11.1753,-61.9014,74.23,93,100,2.75,overcast clouds
649,Grasten,DK,54.9192,9.5952,51.84,97,100,6.91,overcast clouds
650,Kamenka,RU,51.3223,42.7678,40.69,81,100,20.42,light rain
651,Shitkino,RU,56.3703,98.3543,37.38,64,85,5.1,overcast clouds
652,Paamiut,GL,61.994,-49.6678,38.34,74,100,19.55,light rain
653,Ponta Delgada,PT,37.7333,-25.6667,63.32,72,20,9.22,few clouds
654,Kanniyakumari,IN,8.0833,77.5667,76.12,92,100,4.9,overcast clouds
655,Grand Island,US,40.925,-98.342,63.19,41,83,4.0,broken clouds
656,Tilichiki,RU,60.4667,166.1,24.31,74,36,4.09,scattered clouds
657,Nizwa,OM,22.9333,57.5333,77.04,21,0,2.73,clear sky
658,Gazanjyk,TM,39.2446,55.5154,71.51,27,100,2.04,overcast clouds
659,Qaqortoq,GL,60.7167,-46.0333,34.86,64,100,11.23,overcast clouds
660,Sumbe,AO,-11.2061,13.8437,74.05,87,100,4.12,overcast clouds
661,San Marcos,US,33.1434,-117.1661,75.7,63,100,1.01,overcast clouds
662,Konakovo,RU,56.7,36.7667,37.69,92,100,5.26,overcast clouds
663,Piacabucu,BR,-10.4056,-36.4344,73.76,80,4,7.65,clear sky
664,Cafarnaum,BR,-11.6936,-41.4683,66.25,77,4,10.09,clear sky
665,Vila Franca Do Campo,PT,37.7167,-25.4333,63.01,76,20,9.4,few clouds
666,Khani,GE,41.9563,42.9566,44.17,95,100,2.73,overcast clouds
667,Luganville,VU,-15.5333,167.1667,81.59,78,99,10.09,overcast clouds
668,Bambanglipuro,ID,-7.95,110.2833,80.83,81,99,4.23,moderate rain
669,Pacific Grove,US,36.6177,-121.9166,63.21,89,100,4.0,overcast clouds
670,Superior,US,46.7208,-92.1041,48.7,62,0,6.91,clear sky
671,Abastumani,GE,41.7075,42.8457,43.41,97,100,3.83,overcast clouds
672,Salalah,OM,17.0151,54.0924,74.77,71,0,1.68,clear sky
673,Plastun,RU,44.7561,136.2939,54.5,50,100,2.73,overcast clouds
674,Catamarca,AR,-28.4696,-65.7852,67.77,41,0,3.0,clear sky
675,Buin,CL,-33.7333,-70.75,65.43,55,7,3.27,clear sky
676,Kalmunai,LK,7.4167,81.8167,77.92,86,100,2.39,overcast clouds
677,Rio Grande,BR,-32.035,-52.0986,62.08,94,100,10.38,overcast clouds
678,Inuvik,CA,68.3499,-133.7218,25.81,93,100,5.75,overcast clouds
679,Barentu,ER,15.1139,37.5928,72.52,38,0,2.89,clear sky
680,Melo,UY,-32.3667,-54.1833,58.86,98,100,11.99,light rain
681,Macia,MZ,-25.0269,33.0989,66.38,92,0,3.42,clear sky
682,Pathein,MM,16.7833,94.7333,81.86,75,91,11.14,overcast clouds
683,Kampot,KH,10.6167,104.1833,86.05,75,72,7.81,broken clouds
684,Okhotsk,RU,59.3833,143.3,27.86,42,90,13.0,overcast clouds
685,Manono,CD,-7.3,27.4167,72.46,81,99,2.35,overcast clouds
686,Altay,CN,47.8667,88.1167,41.99,60,97,3.4,overcast clouds
687,Fallon,US,39.4735,-118.7774,69.67,14,20,5.75,few clouds
688,Price,US,39.5994,-110.8107,56.12,32,40,0.81,scattered clouds
689,Klaksvik,FO,62.2266,-6.589,49.12,82,100,21.45,overcast clouds
690,Wilmington,US,34.2257,-77.9447,58.86,88,0,0.0,clear sky
691,Sangmelima,CM,2.9333,11.9833,65.43,99,100,0.94,overcast clouds
692,Mandurah,AU,-32.55,115.7,66.97,56,66,10.13,broken clouds
693,Katangli,RU,51.7102,143.2326,37.81,77,97,12.59,overcast clouds
694,Claveria,PH,18.6074,121.0832,78.64,92,100,9.57,light rain
695,Margate,GB,51.3813,1.3862,60.91,96,79,3.0,broken clouds
696,Galle,LK,6.0367,80.217,78.13,88,100,12.28,overcast clouds
697,Bushehr,IR,28.9684,50.8385,73.49,73,2,6.91,haze
698,Solnechnyy,RU,50.7214,136.6319,43.7,47,59,3.67,broken clouds
699,Camacupa,AO,-12.0167,17.4833,62.96,70,99,1.72,overcast clouds
700,Lakatoro,VU,-16.0999,167.4164,81.21,76,100,11.27,overcast clouds
701,Ostersund,SE,63.1792,14.6357,36.05,100,20,5.01,few clouds
702,Sovetskiy,RU,61.3614,63.5842,30.81,75,71,12.75,broken clouds
703,Usakos,NA,-22.0,15.6,74.05,29,51,1.05,broken clouds
704,Adra,ES,36.7496,-3.0206,76.39,65,63,5.21,broken clouds
705,Nishihara,JP,26.1842,127.7558,83.48,67,75,24.16,broken clouds
706,Kommunar,RU,59.6206,30.39,40.55,96,100,4.32,overcast clouds
707,Matay,EG,28.419,30.7792,67.48,75,0,10.49,clear sky
708,Shawnee,US,39.05,-95.7669,62.85,55,87,1.01,overcast clouds
709,Alamor,EC,-4.0181,-80.0197,61.2,72,100,2.06,overcast clouds
710,Sungaipenuh,ID,-2.0833,101.3833,76.44,68,100,3.67,overcast clouds
711,Eenhana,NA,-17.4667,16.3333,72.19,38,55,4.41,broken clouds
712,Venado Tuerto,AR,-33.7456,-61.9688,62.76,72,1,8.41,clear sky
